
INSERT INTO Playlist (playlistID, playlistName, date) VALUES (9, 'Sam''s Coding Collection', '2019-12-09 22:49:56');
INSERT INTO Playlist (playlistID, playlistName, date) VALUES (10, 'Trent Trepidatious Tunes', '2019-12-09 22:51:46');

INSERT INTO Artists (artistID, artistName) VALUES (1, 'Led Zeppelin');
INSERT INTO Artists (artistID, artistName) VALUES (2, 'Linkin Park');
INSERT INTO Artists (artistID, artistName) VALUES (3, 'Shinedown');
INSERT INTO Artists (artistID, artistName) VALUES (5, 'Evanescence');
INSERT INTO Artists (artistID, artistName) VALUES (7, 'Far East Movement');
INSERT INTO Artists (artistID, artistName) VALUES (8, 'Thirty Seconds to Mars');
INSERT INTO Artists (artistID, artistName) VALUES (9, 'Justice');

INSERT INTO Album (albumID, albumName, releaseDate) VALUES (1, 'Led Zeppelin IV', '1971-11-08');
INSERT INTO Album (albumID, albumName, releaseDate) VALUES (2, 'Led Zeppelin III', '1970-10-05');
INSERT INTO Album (albumID, albumName, releaseDate) VALUES (9, 'Hybrid Theory', '2000-10-24');
INSERT INTO Album (albumID, albumName, releaseDate) VALUES (10, 'The Sound of Madness', '2008-06-24');
INSERT INTO Album (albumID, albumName, releaseDate) VALUES (12, 'Fallen', '2003-03-04');
INSERT INTO Album (albumID, albumName, releaseDate) VALUES (14, 'Free Wired', '2010-10-12');
INSERT INTO Album (albumID, albumName, releaseDate) VALUES (15, 'A Beautiful Lie', '2005-08-30');
INSERT INTO Album (albumID, albumName, releaseDate) VALUES (17, 'Cross', '2007-06-11');

INSERT INTO Songs (songID, songName, albumID, songLength) VALUES (1, 'Move ', 1, '00:04:55');
INSERT INTO Songs (songID, songName, albumID, songLength) VALUES (2, 'Rock and Roll', 1, '00:03:41');
INSERT INTO Songs (songID, songName, albumID, songLength) VALUES (3, 'The Battle of Evermore', 1, '00:05:52');
INSERT INTO Songs (songID, songName, albumID, songLength) VALUES (4, 'Stairway to Heaven', 1, '00:08:03');
INSERT INTO Songs (songID, songName, albumID, songLength) VALUES (5, 'Misty Mountain Hop', 1, '00:04:39');
INSERT INTO Songs (songID, songName, albumID, songLength) VALUES (6, 'Four Sticks', 1, '00:04:45');
INSERT INTO Songs (songID, songName, albumID, songLength) VALUES (7, 'Going to California', 1, '00:03:32');
INSERT INTO Songs (songID, songName, albumID, songLength) VALUES (8, 'When the Levee Breaks', 1, '00:07:09');
INSERT INTO Songs (songID, songName, albumID, songLength) VALUES (9, 'Immigrant Song', 2, '00:02:26');
INSERT INTO Songs (songID, songName, albumID, songLength) VALUES (12, 'Friends', 2, '00:03:54');
INSERT INTO Songs (songID, songName, albumID, songLength) VALUES (13, 'Celebration Day', 2, '00:03:30');
INSERT INTO Songs (songID, songName, albumID, songLength) VALUES (14, 'Since I''ve Been Loving You', 2, '00:07:24');
INSERT INTO Songs (songID, songName, albumID, songLength) VALUES (15, 'Out on the Tiles', 2, '00:04:07');
INSERT INTO Songs (songID, songName, albumID, songLength) VALUES (16, 'Gallows Pole', 2, '00:04:58');
INSERT INTO Songs (songID, songName, albumID, songLength) VALUES (17, 'Tangerine', 2, '00:03:12');
INSERT INTO Songs (songID, songName, albumID, songLength) VALUES (18, 'That''s the Way', 2, '00:05:37');
INSERT INTO Songs (songID, songName, albumID, songLength) VALUES (19, 'Bron-Y-Aur Stomp', 2, '00:04:17');
INSERT INTO Songs (songID, songName, albumID, songLength) VALUES (20, 'Hats off To (Roy) Harper', 2, '00:03:42');
INSERT INTO Songs (songID, songName, albumID, songLength) VALUES (45, 'Papercut', 9, '00:03:04');
INSERT INTO Songs (songID, songName, albumID, songLength) VALUES (46, 'One Step Closer', 9, '00:02:35');
INSERT INTO Songs (songID, songName, albumID, songLength) VALUES (47, 'With You', 9, '00:03:23');
INSERT INTO Songs (songID, songName, albumID, songLength) VALUES (48, 'Points of Authority', 9, '00:03:20');
INSERT INTO Songs (songID, songName, albumID, songLength) VALUES (49, 'Crawling', 9, '00:03:29');
INSERT INTO Songs (songID, songName, albumID, songLength) VALUES (50, 'Runaway', 9, '00:03:03');
INSERT INTO Songs (songID, songName, albumID, songLength) VALUES (51, 'By Myself', 9, '00:03:09');
INSERT INTO Songs (songID, songName, albumID, songLength) VALUES (52, 'In the End', 9, '00:03:36');
INSERT INTO Songs (songID, songName, albumID, songLength) VALUES (53, 'A Place for My Head', 9, '00:03:04');
INSERT INTO Songs (songID, songName, albumID, songLength) VALUES (54, 'Forgotten', 9, '00:03:14');
INSERT INTO Songs (songID, songName, albumID, songLength) VALUES (55, 'Cure for the Itch', 9, '00:02:37');
INSERT INTO Songs (songID, songName, albumID, songLength) VALUES (56, 'Pushing Me Away', 9, '00:03:11');
INSERT INTO Songs (songID, songName, albumID, songLength) VALUES (57, 'Devour', 10, '00:03:50');
INSERT INTO Songs (songID, songName, albumID, songLength) VALUES (58, 'The Sound of Madness', 10, '00:03:54');
INSERT INTO Songs (songID, songName, albumID, songLength) VALUES (59, 'Second Chance', 10, '00:03:40');
INSERT INTO Songs (songID, songName, albumID, songLength) VALUES (60, 'Cry for Help', 10, '00:03:20');
INSERT INTO Songs (songID, songName, albumID, songLength) VALUES (61, 'The Crow And the Butterfly', 10, '00:04:13');
INSERT INTO Songs (songID, songName, albumID, songLength) VALUES (62, 'If You Only Knew', 10, '00:03:46');
INSERT INTO Songs (songID, songName, albumID, songLength) VALUES (63, 'Sin with a Grin', 10, '00:04:00');
INSERT INTO Songs (songID, songName, albumID, songLength) VALUES (64, 'What a Shame', 10, '00:04:18');
INSERT INTO Songs (songID, songName, albumID, songLength) VALUES (65, 'Cyanide Sweet Tooth Suicide', 10, '00:03:11');
INSERT INTO Songs (songID, songName, albumID, songLength) VALUES (66, 'Breaking Inside ', 10, '00:03:51');
INSERT INTO Songs (songID, songName, albumID, songLength) VALUES (67, 'Call Me', 10, '00:03:43');
INSERT INTO Songs (songID, songName, albumID, songLength) VALUES (79, 'Going Under', 12, '00:03:35');
INSERT INTO Songs (songID, songName, albumID, songLength) VALUES (80, 'Bring Me to Life ', 12, '00:03:56');
INSERT INTO Songs (songID, songName, albumID, songLength) VALUES (81, 'Everybody''s Fool', 12, '00:03:16');
INSERT INTO Songs (songID, songName, albumID, songLength) VALUES (82, 'Taking Over Me', 12, '00:03:49');
INSERT INTO Songs (songID, songName, albumID, songLength) VALUES (83, 'Hello', 12, '00:03:40');
INSERT INTO Songs (songID, songName, albumID, songLength) VALUES (84, 'My Immortal', 12, '00:04:23');
INSERT INTO Songs (songID, songName, albumID, songLength) VALUES (85, 'My Last Breath', 12, '00:04:07');
INSERT INTO Songs (songID, songName, albumID, songLength) VALUES (86, 'Haunted', 12, '00:03:05');
INSERT INTO Songs (songID, songName, albumID, songLength) VALUES (87, 'Whisper', 12, '00:05:27');
INSERT INTO Songs (songID, songName, albumID, songLength) VALUES (88, 'Tourniquet', 12, '00:04:38');
INSERT INTO Songs (songID, songName, albumID, songLength) VALUES (89, 'My Immortal (band version)', 12, '00:04:33');
INSERT INTO Songs (songID, songName, albumID, songLength) VALUES (90, 'Imaginary', 12, '00:04:16');
INSERT INTO Songs (songID, songName, albumID, songLength) VALUES (91, 'Girls on the Dance Floor', 14, '00:03:54');
INSERT INTO Songs (songID, songName, albumID, songLength) VALUES (92, 'Like a G6', 14, '00:03:36');
INSERT INTO Songs (songID, songName, albumID, songLength) VALUES (93, 'Rocketeer', 14, '00:03:31');
INSERT INTO Songs (songID, songName, albumID, songLength) VALUES (94, 'If I Was You (OMG)', 14, '00:03:25');
INSERT INTO Songs (songID, songName, albumID, songLength) VALUES (95, 'She Owns the Night', 14, '00:04:02');
INSERT INTO Songs (songID, songName, albumID, songLength) VALUES (96, 'So What?', 14, '00:03:24');
INSERT INTO Songs (songID, songName, albumID, songLength) VALUES (97, 'Don''t Look Now', 14, '00:03:33');
INSERT INTO Songs (songID, songName, albumID, songLength) VALUES (98, 'Fighting for Air', 14, '00:03:45');
INSERT INTO Songs (songID, songName, albumID, songLength) VALUES (99, 'White Flag', 14, '00:03:48');
INSERT INTO Songs (songID, songName, albumID, songLength) VALUES (100, '2gether', 14, '00:03:05');
INSERT INTO Songs (songID, songName, albumID, songLength) VALUES (101, 'Attack', 15, '00:03:09');
INSERT INTO Songs (songID, songName, albumID, songLength) VALUES (102, 'A Beautiful Lie', 15, '00:04:05');
INSERT INTO Songs (songID, songName, albumID, songLength) VALUES (103, 'The Kill', 15, '00:03:51');
INSERT INTO Songs (songID, songName, albumID, songLength) VALUES (104, 'Was It a Dream?', 15, '00:04:15');
INSERT INTO Songs (songID, songName, albumID, songLength) VALUES (105, 'The Fantasy', 15, '00:04:29');
INSERT INTO Songs (songID, songName, albumID, songLength) VALUES (106, 'Savior', 15, '00:03:11');
INSERT INTO Songs (songID, songName, albumID, songLength) VALUES (107, 'From Yesterday', 15, '00:04:07');
INSERT INTO Songs (songID, songName, albumID, songLength) VALUES (108, 'The Story', 15, '00:03:55');
INSERT INTO Songs (songID, songName, albumID, songLength) VALUES (109, 'R-Evolve', 15, '00:03:59');
INSERT INTO Songs (songID, songName, albumID, songLength) VALUES (110, 'Battle of One', 15, '00:02:47');
INSERT INTO Songs (songID, songName, albumID, songLength) VALUES (111, 'A Modern Myth', 15, '00:14:14');
INSERT INTO Songs (songID, songName, albumID, songLength) VALUES (112, 'Hunter', 15, '00:03:54');
INSERT INTO Songs (songID, songName, albumID, songLength) VALUES (113, 'Genesis', 17, '00:03:54');
INSERT INTO Songs (songID, songName, albumID, songLength) VALUES (114, 'Let There Be Light', 17, '00:04:55');
INSERT INTO Songs (songID, songName, albumID, songLength) VALUES (115, 'D.A.N.C.E.', 17, '00:04:02');
INSERT INTO Songs (songID, songName, albumID, songLength) VALUES (116, 'Newjack', 17, '00:03:36');
INSERT INTO Songs (songID, songName, albumID, songLength) VALUES (117, 'Phantom', 17, '00:04:22');
INSERT INTO Songs (songID, songName, albumID, songLength) VALUES (118, 'Phantom Pt. II', 17, '00:03:20');
INSERT INTO Songs (songID, songName, albumID, songLength) VALUES (119, 'Valentine', 17, '00:02:56');
INSERT INTO Songs (songID, songName, albumID, songLength) VALUES (120, 'Tthhee Ppaarrttyy', 17, '00:04:58');
INSERT INTO Songs (songID, songName, albumID, songLength) VALUES (121, 'DVNO', 17, '00:03:56');
INSERT INTO Songs (songID, songName, albumID, songLength) VALUES (122, 'Stress', 17, '00:04:58');
INSERT INTO Songs (songID, songName, albumID, songLength) VALUES (123, 'Waters of Nazareth', 17, '00:04:25');
INSERT INTO Songs (songID, songName, albumID, songLength) VALUES (124, 'One Minute to Midnight', 17, '00:03:41');





INSERT INTO AlbumxArtist (albumID, artistID) VALUES (2, 1);
INSERT INTO AlbumxArtist (albumID, artistID) VALUES (9, 2);
INSERT INTO AlbumxArtist (albumID, artistID) VALUES (10, 3);
INSERT INTO AlbumxArtist (albumID, artistID) VALUES (1, 1);
INSERT INTO AlbumxArtist (albumID, artistID) VALUES (12, 5);
INSERT INTO AlbumxArtist (albumID, artistID) VALUES (14, 7);
INSERT INTO AlbumxArtist (albumID, artistID) VALUES (15, 8);
INSERT INTO AlbumxArtist (albumID, artistID) VALUES (17, 9);


INSERT INTO PlaylistxSong (playlistID, songID) VALUES (9, 4);
INSERT INTO PlaylistxSong (playlistID, songID) VALUES (9, 57);
INSERT INTO PlaylistxSong (playlistID, songID) VALUES (9, 61);
INSERT INTO PlaylistxSong (playlistID, songID) VALUES (9, 63);
INSERT INTO PlaylistxSong (playlistID, songID) VALUES (9, 94);
INSERT INTO PlaylistxSong (playlistID, songID) VALUES (9, 92);
INSERT INTO PlaylistxSong (playlistID, songID) VALUES (9, 84);
INSERT INTO PlaylistxSong (playlistID, songID) VALUES (9, 109);
INSERT INTO PlaylistxSong (playlistID, songID) VALUES (10, 6);
INSERT INTO PlaylistxSong (playlistID, songID) VALUES (10, 53);
INSERT INTO PlaylistxSong (playlistID, songID) VALUES (10, 16);
INSERT INTO PlaylistxSong (playlistID, songID) VALUES (10, 58);
INSERT INTO PlaylistxSong (playlistID, songID) VALUES (10, 84);
INSERT INTO PlaylistxSong (playlistID, songID) VALUES (10, 97);
INSERT INTO PlaylistxSong (playlistID, songID) VALUES (10, 107);
INSERT INTO PlaylistxSong (playlistID, songID) VALUES (10, 112);

INSERT INTO ArtistxSongs (artistID, songID) VALUES (1, 1);
INSERT INTO ArtistxSongs (artistID, songID) VALUES (1, 2);
INSERT INTO ArtistxSongs (artistID, songID) VALUES (1, 3);
INSERT INTO ArtistxSongs (artistID, songID) VALUES (1, 4);
INSERT INTO ArtistxSongs (artistID, songID) VALUES (1, 5);
INSERT INTO ArtistxSongs (artistID, songID) VALUES (1, 6);
INSERT INTO ArtistxSongs (artistID, songID) VALUES (1, 7);
INSERT INTO ArtistxSongs (artistID, songID) VALUES (1, 8);
INSERT INTO ArtistxSongs (artistID, songID) VALUES (1, 9);
INSERT INTO ArtistxSongs (artistID, songID) VALUES (1, 12);
INSERT INTO ArtistxSongs (artistID, songID) VALUES (1, 13);
INSERT INTO ArtistxSongs (artistID, songID) VALUES (1, 14);
INSERT INTO ArtistxSongs (artistID, songID) VALUES (1, 15);
INSERT INTO ArtistxSongs (artistID, songID) VALUES (1, 16);
INSERT INTO ArtistxSongs (artistID, songID) VALUES (1, 17);
INSERT INTO ArtistxSongs (artistID, songID) VALUES (1, 18);
INSERT INTO ArtistxSongs (artistID, songID) VALUES (1, 19);
INSERT INTO ArtistxSongs (artistID, songID) VALUES (1, 20);
INSERT INTO ArtistxSongs (artistID, songID) VALUES (2, 45);
INSERT INTO ArtistxSongs (artistID, songID) VALUES (2, 46);
INSERT INTO ArtistxSongs (artistID, songID) VALUES (2, 47);
INSERT INTO ArtistxSongs (artistID, songID) VALUES (2, 48);
INSERT INTO ArtistxSongs (artistID, songID) VALUES (2, 49);
INSERT INTO ArtistxSongs (artistID, songID) VALUES (2, 50);
INSERT INTO ArtistxSongs (artistID, songID) VALUES (2, 51);
INSERT INTO ArtistxSongs (artistID, songID) VALUES (2, 52);
INSERT INTO ArtistxSongs (artistID, songID) VALUES (2, 53);
INSERT INTO ArtistxSongs (artistID, songID) VALUES (2, 54);
INSERT INTO ArtistxSongs (artistID, songID) VALUES (2, 55);
INSERT INTO ArtistxSongs (artistID, songID) VALUES (2, 56);
INSERT INTO ArtistxSongs (artistID, songID) VALUES (3, 57);
INSERT INTO ArtistxSongs (artistID, songID) VALUES (3, 58);
INSERT INTO ArtistxSongs (artistID, songID) VALUES (3, 59);
INSERT INTO ArtistxSongs (artistID, songID) VALUES (3, 60);
INSERT INTO ArtistxSongs (artistID, songID) VALUES (3, 61);
INSERT INTO ArtistxSongs (artistID, songID) VALUES (3, 62);
INSERT INTO ArtistxSongs (artistID, songID) VALUES (3, 63);
INSERT INTO ArtistxSongs (artistID, songID) VALUES (3, 64);
INSERT INTO ArtistxSongs (artistID, songID) VALUES (3, 65);
INSERT INTO ArtistxSongs (artistID, songID) VALUES (3, 66);
INSERT INTO ArtistxSongs (artistID, songID) VALUES (3, 67);
INSERT INTO ArtistxSongs (artistID, songID) VALUES (5, 79);
INSERT INTO ArtistxSongs (artistID, songID) VALUES (5, 80);
INSERT INTO ArtistxSongs (artistID, songID) VALUES (5, 81);
INSERT INTO ArtistxSongs (artistID, songID) VALUES (5, 82);
INSERT INTO ArtistxSongs (artistID, songID) VALUES (5, 83);
INSERT INTO ArtistxSongs (artistID, songID) VALUES (5, 84);
INSERT INTO ArtistxSongs (artistID, songID) VALUES (5, 85);
INSERT INTO ArtistxSongs (artistID, songID) VALUES (5, 86);
INSERT INTO ArtistxSongs (artistID, songID) VALUES (5, 87);
INSERT INTO ArtistxSongs (artistID, songID) VALUES (5, 88);
INSERT INTO ArtistxSongs (artistID, songID) VALUES (5, 89);
INSERT INTO ArtistxSongs (artistID, songID) VALUES (7, 90);
INSERT INTO ArtistxSongs (artistID, songID) VALUES (7, 91);
INSERT INTO ArtistxSongs (artistID, songID) VALUES (7, 92);
INSERT INTO ArtistxSongs (artistID, songID) VALUES (7, 93);
INSERT INTO ArtistxSongs (artistID, songID) VALUES (7, 94);
INSERT INTO ArtistxSongs (artistID, songID) VALUES (7, 95);
INSERT INTO ArtistxSongs (artistID, songID) VALUES (7, 96);
INSERT INTO ArtistxSongs (artistID, songID) VALUES (7, 97);
INSERT INTO ArtistxSongs (artistID, songID) VALUES (7, 98);
INSERT INTO ArtistxSongs (artistID, songID) VALUES (7, 99);
INSERT INTO ArtistxSongs (artistID, songID) VALUES (7, 100);
INSERT INTO ArtistxSongs (artistID, songID) VALUES (8, 101);
INSERT INTO ArtistxSongs (artistID, songID) VALUES (8, 102);
INSERT INTO ArtistxSongs (artistID, songID) VALUES (8, 103);
INSERT INTO ArtistxSongs (artistID, songID) VALUES (8, 104);
INSERT INTO ArtistxSongs (artistID, songID) VALUES (8, 105);
INSERT INTO ArtistxSongs (artistID, songID) VALUES (8, 106);
INSERT INTO ArtistxSongs (artistID, songID) VALUES (8, 107);
INSERT INTO ArtistxSongs (artistID, songID) VALUES (8, 108);
INSERT INTO ArtistxSongs (artistID, songID) VALUES (8, 109);
INSERT INTO ArtistxSongs (artistID, songID) VALUES (8, 110);
INSERT INTO ArtistxSongs (artistID, songID) VALUES (8, 111);
INSERT INTO ArtistxSongs (artistID, songID) VALUES (8, 112);
INSERT INTO ArtistxSongs (artistID, songID) VALUES (9, 113);
INSERT INTO ArtistxSongs (artistID, songID) VALUES (9, 114);
INSERT INTO ArtistxSongs (artistID, songID) VALUES (9, 115);
INSERT INTO ArtistxSongs (artistID, songID) VALUES (9, 116);
INSERT INTO ArtistxSongs (artistID, songID) VALUES (9, 117);
INSERT INTO ArtistxSongs (artistID, songID) VALUES (9, 118);
INSERT INTO ArtistxSongs (artistID, songID) VALUES (9, 119);
INSERT INTO ArtistxSongs (artistID, songID) VALUES (9, 120);
INSERT INTO ArtistxSongs (artistID, songID) VALUES (9, 121);
INSERT INTO ArtistxSongs (artistID, songID) VALUES (9, 122);
INSERT INTO ArtistxSongs (artistID, songID) VALUES (9, 123);
INSERT INTO ArtistxSongs (artistID, songID) VALUES (9, 124);

INSERT INTO Concert (concertID, concertName, location, date) VALUES (10, 'Paradiso', 'The Gorge', '2019-12-20 11:27:00');
INSERT INTO Concert (concertID, concertName, location, date) VALUES (11, 'Luxan Lute Lightshow', 'Illinois', '2019-12-09 11:55:59');

INSERT INTO ConcertxSong (concertID, songID) VALUES (11, 3);
INSERT INTO ConcertxSong (concertID, songID) VALUES (11, 8);
INSERT INTO ConcertxSong (concertID, songID) VALUES (11, 13);
INSERT INTO ConcertxSong (concertID, songID) VALUES (10, 12);
INSERT INTO ConcertxSong (concertID, songID) VALUES (10, 50);
INSERT INTO ConcertxSong (concertID, songID) VALUES (10, 4);
INSERT INTO ConcertxSong (concertID, songID) VALUES (10, 14);
INSERT INTO ConcertxSong (concertID, songID) VALUES (10, 5);